{"step":323,"_timestamp":1.743517728007234e+09,"avg_score":0.5,"_wandb":{"runtime":80},"_runtime":79.0882461,"_step":126,"score":2,"loss":0.1578754335641861}