{"_wandb":{"runtime":1},"_step":3,"score":0,"loss":0.1919974982738495,"step":167,"_timestamp":1.7429801722496777e+09,"_runtime":1.6452525}