{"_wandb":{"runtime":10},"step":121,"_timestamp":1.7434529788540332e+09,"_runtime":10.0199672,"_step":12,"score":0,"loss":0.022259719669818878,"avg_score":0.4}