{"_timestamp":1.7427659720612168e+09,"_runtime":68.4223377,"_step":110,"score":0,"loss":0.1966509222984314,"step":154,"avg_score":0.2,"_wandb":{"runtime":68}}