{"_wandb":{"runtime":10},"score":0,"loss":0.015067197382450104,"step":172,"_timestamp":1.7434343313323407e+09,"_runtime":9.9403897,"_step":12,"avg_score":0.9}