{"_timestamp":1.7429802833842113e+09,"_wandb":{"runtime":0},"_runtime":0.8766822,"_step":1,"score":0,"loss":0,"step":210}