{"_step":4,"_wandb":{"runtime":2},"score":2,"loss":0.00927105825394392,"step":285,"_timestamp":1.7429805220199614e+09,"_runtime":2.7378614}