{"_timestamp":1.742980213338138e+09,"_wandb":{"runtime":0},"_runtime":0.5363665,"_step":0,"score":0,"loss":0,"step":130}