{"_wandb":{"runtime":3},"step":446,"_timestamp":1.7429800097668898e+09,"_runtime":3.4872718,"_step":2,"score":3,"loss":0.18996913731098175}