{"step":142,"_timestamp":1.742766108956626e+09,"_runtime":3.2051369,"_step":5,"_wandb":{"runtime":3},"score":0,"loss":0.004272235091775656}