{"_runtime":77.1027568,"_step":308,"score":0,"loss":0,"avg_score":0.7,"_wandb":{"runtime":77},"step":190,"_timestamp":1.743499279431728e+09}