{"step":312,"_wandb":{"runtime":4},"_timestamp":1.742763499181437e+09,"_runtime":4.2480339,"_step":5,"score":1,"loss":0.0057073975913226604}